﻿Series Name,Series Code,Time,Time Code,Guinea [GIN],Liberia [LBR],Sierra Leone [SLE]
GDP (current US$),NY.GDP.MKTP.CD,1960,YR1960,..,..,322009471.56704
GDP (current US$),NY.GDP.MKTP.CD,1961,YR1961,..,..,327834680.557103
GDP (current US$),NY.GDP.MKTP.CD,1962,YR1962,..,..,342721579.817636
GDP (current US$),NY.GDP.MKTP.CD,1963,YR1963,..,..,348546952.134368
GDP (current US$),NY.GDP.MKTP.CD,1964,YR1964,..,..,371848114.747956
GDP (current US$),NY.GDP.MKTP.CD,1965,YR1965,..,..,359379856.248057
GDP (current US$),NY.GDP.MKTP.CD,1966,YR1966,..,..,375479849.80806
GDP (current US$),NY.GDP.MKTP.CD,1967,YR1967,..,..,348795303.000385
GDP (current US$),NY.GDP.MKTP.CD,1968,YR1968,..,..,329860091.944037
GDP (current US$),NY.GDP.MKTP.CD,1969,YR1969,..,..,408690163.476065
GDP (current US$),NY.GDP.MKTP.CD,1970,YR1970,..,..,434410373.764149
GDP (current US$),NY.GDP.MKTP.CD,1971,YR1971,..,..,419549425.077086
GDP (current US$),NY.GDP.MKTP.CD,1972,YR1972,..,..,465381089.98454
GDP (current US$),NY.GDP.MKTP.CD,1973,YR1973,..,..,575230234.387058
GDP (current US$),NY.GDP.MKTP.CD,1974,YR1974,..,..,648590642.939888
GDP (current US$),NY.GDP.MKTP.CD,1975,YR1975,..,..,679335901.117451
GDP (current US$),NY.GDP.MKTP.CD,1976,YR1976,..,..,594895672.333848
GDP (current US$),NY.GDP.MKTP.CD,1977,YR1977,..,..,691777758.395115
GDP (current US$),NY.GDP.MKTP.CD,1978,YR1978,..,..,960728338.93643
GDP (current US$),NY.GDP.MKTP.CD,1979,YR1979,..,..,1109374722.08294
GDP (current US$),NY.GDP.MKTP.CD,1980,YR1980,..,..,1100685844.92284
GDP (current US$),NY.GDP.MKTP.CD,1981,YR1981,..,..,1114830471.91787
GDP (current US$),NY.GDP.MKTP.CD,1982,YR1982,..,..,1295361885.92419
GDP (current US$),NY.GDP.MKTP.CD,1983,YR1983,..,..,995104305.347075
GDP (current US$),NY.GDP.MKTP.CD,1984,YR1984,..,..,1087471861.98928
GDP (current US$),NY.GDP.MKTP.CD,1985,YR1985,..,..,856890498.625834
GDP (current US$),NY.GDP.MKTP.CD,1986,YR1986,1922600899.38433,..,490181456.62441
GDP (current US$),NY.GDP.MKTP.CD,1987,YR1987,2041538057.02888,..,701307602.28443
GDP (current US$),NY.GDP.MKTP.CD,1988,YR1988,2384295763.72528,..,1055083945.37738
GDP (current US$),NY.GDP.MKTP.CD,1989,YR1989,2432029380.43686,..,932974411.917142
GDP (current US$),NY.GDP.MKTP.CD,1990,YR1990,2666616176.91609,..,649644826.800447
GDP (current US$),NY.GDP.MKTP.CD,1991,YR1991,3014890569.04099,..,779981458.921489
GDP (current US$),NY.GDP.MKTP.CD,1992,YR1992,3284625277.16186,..,679997997.597117
GDP (current US$),NY.GDP.MKTP.CD,1993,YR1993,3279063317.63475,..,768812334.801762
GDP (current US$),NY.GDP.MKTP.CD,1994,YR1994,3383218922.79336,..,911915970.683484
GDP (current US$),NY.GDP.MKTP.CD,1995,YR1995,3693753379.05992,..,870758739.40678
GDP (current US$),NY.GDP.MKTP.CD,1996,YR1996,3869032270.91633,..,941742152.709895
GDP (current US$),NY.GDP.MKTP.CD,1997,YR1997,3783788551.0819,..,850218033.622007
GDP (current US$),NY.GDP.MKTP.CD,1998,YR1998,3588376057.01536,..,672375927.347148
GDP (current US$),NY.GDP.MKTP.CD,1999,YR1999,3461282293.64624,..,669384768.87263
GDP (current US$),NY.GDP.MKTP.CD,2000,YR2000,2995360969.16199,874000000,635874002.198748
GDP (current US$),NY.GDP.MKTP.CD,2001,YR2001,2833442750.43639,906000000,1090467712.30773
GDP (current US$),NY.GDP.MKTP.CD,2002,YR2002,2949637039.04424,927000000,1253340519.53311
GDP (current US$),NY.GDP.MKTP.CD,2003,YR2003,3446442218.89829,748000000,1385810072.19217
GDP (current US$),NY.GDP.MKTP.CD,2004,YR2004,3666349049.42641,897000000,1448536630.88143
GDP (current US$),NY.GDP.MKTP.CD,2005,YR2005,2937071767.25576,949000000,1650494366.99875
GDP (current US$),NY.GDP.MKTP.CD,2006,YR2006,4220019242.74824,1119000000,1885112201.85278
GDP (current US$),NY.GDP.MKTP.CD,2007,YR2007,6281917655.90249,1373000000,2158496872.85796
GDP (current US$),NY.GDP.MKTP.CD,2008,YR2008,6964179193.84418,1726000000,2505458705.03338
GDP (current US$),NY.GDP.MKTP.CD,2009,YR2009,6716904568.76482,1768000000,2453899846.88317
GDP (current US$),NY.GDP.MKTP.CD,2010,YR2010,6853467857.61127,1998000000,2578026297.15912
GDP (current US$),NY.GDP.MKTP.CD,2011,YR2011,6785137172.77058,2398000000,2942546781.04548
GDP (current US$),NY.GDP.MKTP.CD,2012,YR2012,7638045254.42864,2721000000,3801862611.36414
GDP (current US$),NY.GDP.MKTP.CD,2013,YR2013,8376613843.27265,3067000000,4920343194.99339
GDP (current US$),NY.GDP.MKTP.CD,2014,YR2014,8778473614.54728,3144000000,5015157815.73406
GDP (current US$),NY.GDP.MKTP.CD,2015,YR2015,8794202443.67366,3177000000,4218723875.1379
GDP (current US$),NY.GDP.MKTP.CD,2016,YR2016,8603833218.24226,3277826000,3674794530.18956
GDP (current US$),NY.GDP.MKTP.CD,2017,YR2017,10324668266.5921,3285455000,3739577973.23943
GDP (current US$),NY.GDP.MKTP.CD,2018,YR2018,10907214993.5687,3264000000,4085114794.22324
GDP (current US$),NY.GDP.MKTP.CD,2019,YR2019,..,..,..
,,,,,,
,,,,,,
,,,,,,
Data from database: World Development Indicators,,,,,,
Last Updated: 04/09/2020,,,,,,
